epoch,train_loss,val_loss
1,13.362412452697754,13.660942077636719
