epoch,train_loss,val_loss
1,38.60969543457031,39.594051361083984
2,25.982833862304688,26.910987854003906
