epoch,train_loss,val_loss
1,28.991153717041016,28.385093688964844
2,19.28692054748535,18.851850509643555
