{
  "rmsd_unaligned": 15.244977302275348,
  "rmsd_aligned": 7.862497991972497,
  "pLDDT": 16.202655792236328,
  "local_lDDT": 10.340255737304688,
  "contact_f1": 0.5327868812936711,
  "tm_proxy": 0.009167138552499059
}