{
  "rmsd_unaligned": 16.043312072753906,
  "rmsd_aligned": 10.68217710212749,
  "pLDDT": 40.2675895690918,
  "local_lDDT": 40.46763229370117,
  "contact_f1": 0.4825291144592623,
  "tm_proxy": 0.051901611135641804
}