{
  "rmsd_unaligned": 16.249109268188477,
  "rmsd_aligned": 13.368684870489298,
  "pLDDT": 30.71375846862793,
  "local_lDDT": 31.57988929748535,
  "contact_f1": 0.6636771252564903,
  "long_range_precision_L5": 0.0,
  "tm_proxy": 0.06685057225008478
}