{
  "rmsd_unaligned": 12.076969146728516,
  "rmsd_aligned": 13.456596199628843,
  "pLDDT": 35.24588394165039,
  "local_lDDT": 41.74250411987305,
  "contact_f1": 0.6999999951472319,
  "long_range_precision_L5": 0.4444444444444444,
  "tm_proxy": 0.04340772775063419
}