{
  "rmsd_unaligned": 15.80188274383545,
  "rmsd_aligned": 13.499150671482044,
  "pLDDT": 16.549549102783203,
  "local_lDDT": 25.11963653564453,
  "contact_f1": 0.0,
  "tm_proxy": 0.029246441608444706
}