{
  "rmsd_unaligned": 8.474645614624023,
  "rmsd_aligned": 8.055136494876916,
  "pLDDT": 21.53921890258789,
  "local_lDDT": 34.71200942993164,
  "contact_f1": 0.0,
  "long_range_precision_L5": 0.16666666666666666,
  "tm_proxy": 0.03733773954396091
}