{
  "1crn": {
    "rmsd_unaligned": 12.076969146728516,
    "rmsd_aligned": 13.456596199628843,
    "pLDDT": 35.24588394165039,
    "local_lDDT": 41.74250411987305,
    "contact_f1": 0.6999999951472319,
    "long_range_precision_L5": 0.4444444444444444,
    "tm_proxy": 0.04340772775063419
  },
  "1vii": {
    "rmsd_unaligned": 7.1417694091796875,
    "rmsd_aligned": 7.632469083915526,
    "pLDDT": 40.12019729614258,
    "local_lDDT": 46.30616760253906,
    "contact_f1": 0.7854250962756316,
    "long_range_precision_L5": 0.0,
    "tm_proxy": 0.14867833589344065
  },
  "1lyz": {
    "rmsd_unaligned": 16.249109268188477,
    "rmsd_aligned": 13.368684870489298,
    "pLDDT": 30.71375846862793,
    "local_lDDT": 31.57988929748535,
    "contact_f1": 0.6636771252564903,
    "long_range_precision_L5": 0.0,
    "tm_proxy": 0.06685057225008478
  },
  "1trz": {
    "rmsd_unaligned": 13.559163093566895,
    "rmsd_aligned": 6.544661405582721,
    "pLDDT": 53.013492584228516,
    "local_lDDT": 59.12931442260742,
    "contact_f1": 0.8428571377530613,
    "long_range_precision_L5": 0.0,
    "tm_proxy": 0.009235255557294696
  },
  "1cbn": {
    "rmsd_unaligned": 12.024422645568848,
    "rmsd_aligned": 13.400370326307701,
    "pLDDT": 35.02170181274414,
    "local_lDDT": 41.396305084228516,
    "contact_f1": 0.6979472092283349,
    "long_range_precision_L5": 0.4444444444444444,
    "tm_proxy": 0.04396939102887584
  }
}