{
  "rmsd_unaligned": 7.1417694091796875,
  "rmsd_aligned": 7.632469083915526,
  "pLDDT": 40.12019729614258,
  "local_lDDT": 46.30616760253906,
  "contact_f1": 0.7854250962756316,
  "long_range_precision_L5": 0.0,
  "tm_proxy": 0.14867833589344065
}